ht_id,가성비,친절,청결,관광,주차,조식,방음,접근성,비품,시설
1,66.8978,53.3862,38.9684,24.1121,3.7218,19.6568,14.2828,53.0949,9.5212,13.2588
2,79.7346,56.5584,27.5881,48.2243,0.0,217.1516,12.1874,80.5917,7.6536,15.384
3,1.8041,14.7865,8.4127,,2.7914,16.3807,4.9268,6.7765,7.2508,8.0356
4,97.2546,85.0711,44.4523,16.0748,14.3557,2.8081,80.0375,56.5606,33.1656,32.025
5,40.4117,61.901,43.116,16.0748,11.1655,12.6365,12.9954,20.2833,14.2818,16.5115
6,1.4433,2.4806,2.0564,,2.7914,,3.2845,9.6807,4.0282,4.3048
7,174.7534,156.1871,155.4666,80.3738,82.7706,13.163,99.1846,223.4521,64.8387,126.5635
8,80.3616,100.0522,77.4793,16.0748,4.4662,4.2122,80.7998,56.1163,55.3879,69.7379
9,45.9271,38.6325,41.2942,16.0748,4.1871,5.0546,14.1488,49.2685,34.1522,35.4224
10,145.9633,79.2412,58.4579,32.1495,13.6868,24.3862,45.153,120.938,26.507,66.4251
11,1.4433,3.3075,0.4487,,,5.6162,3.2845,3.8723,,1.9679
12,76.1452,50.5073,56.6315,16.0748,9.4209,141.5289,19.0715,53.943,61.4507,31.086
13,71.394,60.7259,64.1164,48.2243,35.3575,9.8284,49.0089,42.09,28.9721,32.4944
14,153.9686,62.3259,58.7169,8.0374,57.9749,24.22,51.5513,56.3416,26.148,43.3881
15,9.4368,56.3064,20.3566,24.1121,3.3497,130.1916,7.3902,34.4683,12.0846,25.5506
16,9.6218,77.3841,25.36,229.1951,7.5532,168.1791,14.5458,46.539,31.0747,50.4462
17,11.5462,4.9613,9.2795,,2.7914,8.4243,2.3608,3.8723,4.8338,2.8177
18,11.1338,4.6512,2.3644,16.0748,15.0735,7.108,0.0,20.039,4.431,4.8429
19,105.3154,186.2598,102.0054,8.0374,28.8548,125.5753,87.323,184.1435,65.9387,88.13
20,80.2736,186.3041,90.417,151.9065,17.5942,65.4801,50.0671,173.8065,52.3017,98.7887
21,125.5001,151.7101,93.6434,72.3364,34.5434,70.2028,39.4351,276.4718,77.373,151.3468
22,35.3178,103.2564,51.2575,32.1495,25.1225,6.3183,13.7951,68.4766,47.5712,44.6624
23,48.2695,119.6381,104.4527,,64.0985,109.3574,52.2586,116.9559,30.9862,58.4584
24,71.1091,121.1804,92.9136,128.5981,89.7231,78.8904,42.0123,103.4668,66.1474,86.3705
25,15.7157,9.9225,1.2713,,0.0,7.0203,4.9268,15.1912,2.0141,1.6789
26,95.0878,86.5328,99.374,16.0748,43.4991,3.3697,46.4555,98.7983,41.1772,47.3051
27,3.8487,3.3075,0.0,8.0374,2.7914,0.0,1.6423,3.8723,0.0,1.9679
28,182.1173,87.9202,81.3593,16.0748,54.8972,78.2648,45.1625,181.4059,45.4526,74.5081
29,27.6628,56.8932,49.5097,,77.4043,0.0,29.7799,12.3913,53.8656,52.1544
30,85.8749,57.3491,58.1775,,51.9729,4.2122,40.8349,36.5505,19.9041,39.9073
31,46.3799,49.3324,86.6233,8.0374,32.6592,,34.9476,72.3818,23.4979,53.9067
32,52.9834,29.1474,25.112,,24.4246,5.2652,23.3708,39.6028,5.7066,31.2237
33,63.3729,41.7777,66.4399,,35.1714,0.0,17.2439,76.9308,46.5762,47.7864
34,49.0248,44.5107,87.1716,8.0374,16.7483,,18.065,90.7733,88.1248,42.3858
35,153.7416,119.7635,63.3842,,41.6847,,47.8378,34.4037,22.6587,40.1454
36,51.3992,25.7604,35.5592,,54.2326,2.1061,21.5899,17.872,4.7391,29.6358
37,67.2979,76.6424,81.2123,,27.3556,,49.5698,32.9861,42.2962,50.9613
38,45.9224,65.9912,61.8048,,80.5651,42.3131,15.3279,26.3315,40.2821,45.4277
39,39.1488,20.9476,23.4117,,6.9785,39.3136,9.6347,14.257,0.0,7.1952
40,95.824,71.1518,56.8458,32.1495,69.3617,35.6926,30.7926,77.4455,18.9452,46.0352
41,37.7114,201.4953,79.5586,40.1869,31.0154,141.7914,30.3189,56.632,61.2397,111.4532
42,71.8154,152.8428,59.5071,8.0374,45.7544,190.7705,39.4816,39.2673,22.6587,97.5997
43,42.6797,192.6012,96.2287,361.6822,49.7132,357.7471,48.142,95.5917,164.8248,104.2378
44,63.342,264.9383,61.3885,24.1121,23.287,356.7656,32.2615,102.5014,39.1312,159.291
45,12.9895,31.208,14.6888,,,8.4243,11.2906,27.0368,4.0282,8.4284
46,202.0373,117.2663,122.8188,168.785,114.4154,21.4438,100.2752,411.5271,77.0782,114.2129
47,184.0761,151.6828,137.1715,24.1121,45.1476,61.5742,88.7205,422.4301,71.1959,180.5304
48,152.129,138.5717,132.1072,112.5234,50.2449,112.7774,78.6373,244.1392,35.4657,133.0893
49,52.3187,53.7957,37.4534,,93.744,0.0,17.8508,19.6981,17.6234,35.6019
50,345.8187,245.1174,202.6995,141.8362,54.5294,141.7126,136.7848,397.6205,99.1026,186.6216
51,185.8854,148.2336,161.7009,770.2492,111.9381,95.4127,99.0549,552.5332,79.4071,176.4434
52,208.1092,156.4627,170.1097,125.3832,4.2868,17.4231,97.9601,200.2078,127.6654,150.1322
53,125.0615,77.6546,42.0242,24.1121,0.0,7.0203,42.8207,139.0908,16.3248,29.0324
54,34.8665,25.6332,15.2272,21.433,18.144,23.4678,16.2859,23.6892,2.655,8.8556
55,74.2256,59.3406,39.3386,88.4112,12.6543,103.0115,7.5955,82.6197,30.4458,84.961
56,73.3582,130.9836,64.0577,,59.3169,182.3496,30.4085,93.3094,41.433,93.6092
57,133.5648,196.8503,99.2484,128.0958,80.0635,264.2416,54.5095,129.9794,72.6542,200.0861
58,60.8848,85.2937,44.4523,104.486,26.9169,177.1473,28.1203,118.8072,26.989,71.0786
59,39.9525,73.5224,82.7448,,14.8874,,13.7951,10.4551,105.181,45.1617
60,141.5613,96.4433,69.0505,80.3738,0.0,16.5854,40.8743,153.0294,39.275,37.2312
61,110.0498,104.2369,72.5966,32.1495,28.9875,7.5819,54.2394,120.3031,32.7292,39.157
62,21.3161,33.902,16.2391,,0.0,4.2122,10.5105,6.7765,12.8903,5.7095
63,28.8655,15.7107,5.8162,32.1495,,0.0,3.671,13.553,6.0423,3.7308
64,93.3047,32.8285,25.7055,0.0,40.6637,40.1294,5.8551,62.2253,34.2785,35.9279
65,139.4856,65.9461,69.5309,44.2056,92.1157,14.7426,68.5106,87.2375,56.7659,52.5801
66,7.2164,18.1913,17.8326,,2.7914,15.7956,6.1585,9.5839,15.8611,11.6691
67,106.7149,90.6399,82.1055,0.0,27.4844,32.1455,38.884,130.4909,59.3531,65.0219
68,74.008,55.3144,46.2483,,121.9178,23.869,64.6843,71.0615,13.5431,57.6782
69,21.168,25.6556,7.3097,48.2243,5.5828,10.6708,2.0072,39.1505,4.0282,20.1991
70,87.9288,52.9706,66.7439,48.2243,63.8031,4.2122,17.3888,121.1054,26.036,48.7481
71,9.237,31.1669,6.6862,16.0748,0.0,55.9617,9.8536,23.4273,5.6395,17.4898
72,204.3552,186.5667,130.9375,32.1495,71.2777,658.1198,65.3896,141.8569,61.9851,175.0762
73,,,,,,,,,,
74,71.4421,31.4875,53.1024,,79.6062,3.1591,9.8536,30.4942,18.2109,56.9107
75,11.3658,23.1526,12.1517,8.0374,,9.8284,25.9306,15.4891,24.7063,8.8556
76,54.1228,71.3999,95.9311,,27.9138,9.8284,33.3222,66.6501,81.2966,47.4975
77,75.3127,56.114,62.8607,8.0374,11.1655,15.9711,39.4145,76.862,26.6573,46.9086
78,55.7026,77.014,53.7881,32.1495,27.216,143.4143,43.8487,62.5725,31.3305,36.4441
79,47.1723,64.9905,62.1044,16.0748,45.6772,53.8672,53.058,92.1206,26.3092,69.2545
80,142.8511,97.8752,69.1996,136.6355,108.2198,5.6162,46.1234,116.7491,40.5287,61.2848
81,74.7107,89.0459,96.8516,80.3738,84.2649,182.4571,61.9181,82.5373,62.84,80.3761
82,81.5026,57.5437,47.295,28.9346,83.2246,165.478,43.1096,75.1738,33.8843,45.4231
83,117.6002,65.1166,43.4656,0.0,77.1567,3.0087,33.8788,79.195,23.3896,28.942
84,67.7051,217.8096,116.3856,46.8847,53.1044,80.1392,67.9901,190.1227,88.5235,189.8859
85,73.8349,46.0243,35.1537,40.1869,0.0,2.1061,11.0853,50.9288,11.2214,25.0444
86,69.2772,115.8461,61.109,409.9065,65.1323,60.1354,34.4311,118.2915,117.0991,168.4959
87,23.5048,15.9312,23.5718,12.0561,15.12,0.0,9.8536,35.0118,2.3018,17.4922
88,102.8388,73.3925,50.3434,103.1464,75.1348,35.8034,38.1372,90.8717,33.2327,70.4084
89,133.767,123.7466,105.6505,24.1121,132.5908,59.5721,79.3765,301.4329,53.978,77.2394
90,18.7626,36.113,40.2639,,3.5527,10.5304,31.5996,34.7982,9.6677,16.5694
91,101.3481,181.3802,117.1864,56.2617,219.3284,136.4743,82.6434,127.1132,74.2138,111.3658
92,47.3532,128.8337,78.8228,935.1604,90.9315,59.7856,90.1858,267.1413,48.7625,82.1988
93,119.1677,138.877,92.9457,16.0748,164.9205,85.0332,66.512,221.9462,56.7074,159.9543
94,107.3797,146.663,93.376,168.785,41.0604,149.9677,93.7268,229.4196,48.4877,66.5646
95,37.4471,197.7921,51.037,464.9686,22.3311,278.9951,20.3329,88.174,35.8877,88.2599
96,27.7109,92.1509,17.8946,120.5607,50.5938,90.2031,12.7732,25.6371,39.01,52.4332
97,24.8243,218.2077,62.666,414.2024,51.2917,173.752,21.3495,106.7068,39.6624,84.6681
98,108.6065,98.7821,45.5768,16.0748,,18.9548,60.1239,91.0397,38.268,23.4115
99,70.3269,186.3309,94.6054,16.0748,20.9354,44.5994,81.0033,164.7829,52.9422,111.8202
100,1.9244,53.6695,15.7868,12.0561,0.0,45.7321,17.5176,9.0353,8.0564,32.514
101,32.9443,18.6946,15.9873,,12.2821,16.2469,15.625,22.7663,2.2659,12.8068
102,28.1439,71.3871,23.5794,24.1121,14.3557,86.876,24.3995,35.1644,13.811,68.9463
103,125.6681,40.4818,36.9213,24.1121,,0.0,39.2929,59.2525,16.3366,23.7459
104,37.8688,25.1955,14.4744,12.0561,3.4892,0.0,9.8536,27.1059,4.7288,8.9408
105,7.2164,16.0651,10.6621,24.1121,0.0,3.1591,12.4539,16.3496,7.5529,9.2697
106,30.9273,33.0751,43.6647,8.0374,5.5828,0.0,7.3902,27.9405,16.1128,26.0374
107,4.3298,1.9845,1.8695,,,4.2122,1.6423,2.9042,4.0282,1.1479
108,76.6471,75.7011,69.6613,40.1869,7.9754,50.608,45.2651,220.6921,19.3354,87.9772
109,60.9104,123.7954,73.7516,120.5607,40.3006,103.0665,25.4552,87.6957,36.4728,200.0592
110,130.7705,50.6049,46.368,176.057,66.435,3.5101,10.6997,133.8391,29.5402,34.3518
111,11.716,35.6936,7.0897,,9.8967,61.4134,3.2845,9.8743,6.0423,23.0894
112,99.799,41.9597,41.6953,48.2243,20.098,8.4243,29.7799,31.8817,12.9478,24.3939
113,165.6714,97.2408,86.5947,24.1121,197.7696,67.2777,98.9266,148.5502,83.3634,76.0853
114,56.8338,59.5595,42.8863,20.0935,29.0892,28.6427,24.2235,53.0824,13.0917,24.1432
115,6.4947,7.4419,5.6085,,12.5612,10.5304,1.9707,7.7446,2.0141,4.1326
116,25.7985,67.9941,66.5526,,103.9254,0.0,19.7073,17.5391,23.7377,43.0481
117,37.6798,94.4938,38.805,,7.1053,113.9427,19.7855,27.1727,39.8984,58.8814
118,93.118,25.7251,57.6894,,22.3311,,74.367,90.7733,31.1813,29.935
119,57.509,71.0716,74.5714,,58.3399,2.1061,43.429,33.8255,50.8074,58.7192
120,17.3193,27.287,20.7638,,,,0.0,2.9042,21.4838,12.0535
121,32.8155,57.7311,50.4034,,13.9569,0.0,16.7512,22.1776,36.979,45.2044
122,110.0844,98.9795,62.2075,176.8224,112.3532,76.17,42.0832,198.0956,18.1269,84.6967
123,111.1322,70.6121,60.4646,8.0374,47.7132,47.5185,26.2764,142.4166,24.0379,44.9773
124,30.6696,69.1976,110.3717,16.0748,128.2134,,16.628,32.3276,70.0664,100.4346
125,,0.0,0.0,,,,,0.0,,0.4305
126,62.4631,208.6618,41.0721,,68.318,303.0061,18.1913,28.338,61.0945,112.1239
127,18.6516,9.7953,12.988,,2.7914,2.1061,6.3759,15.36,2.5176,4.9721
128,359.3572,168.1103,109.0954,79.5701,20.0252,49.142,61.0925,138.9647,75.2578,81.7852
129,53.4861,45.4632,35.6931,8.0374,29.6585,155.9569,22.0167,41.9497,0.0,30.1496
130,73.4577,280.2636,66.2973,223.2606,34.6808,459.2474,45.6118,109.4732,21.0167,152.6519
131,22.8519,22.0611,7.1328,,15.5077,24.1242,7.9768,11.0636,12.5882,5.75
132,25.979,21.0478,31.452,,78.4605,2.1061,7.3902,23.2337,4.9873,32.2931
133,45.7338,48.3927,77.5477,,7.1778,10.5304,25.7538,46.771,16.5058,50.3331
134,148.8395,182.1129,76.4413,175.6168,106.7294,6.3183,55.1803,225.1691,59.8977,70.2087
135,17.0569,76.8469,63.4514,,47.4535,0.0,24.8394,29.9456,21.4838,41.5546
136,61.2217,48.7267,52.5593,,5.5828,0.0,14.0766,39.5456,25.8956,33.9022
137,20.3757,83.3493,78.3086,,63.504,,30.1838,32.7894,32.5759,47.2823
138,98.3793,99.842,77.8338,118.7747,100.224,25.975,52.4615,159.5114,60.6978,90.4725
139,21.9822,16.9367,9.3566,11.2523,18.144,2.5273,4.311,14.2663,8.0564,8.1472
140,13.3693,18.3351,27.0507,,8.3742,11.8467,13.7094,17.7479,14.0987,27.5832
141,59.3547,41.8743,40.194,96.4486,,7.7223,25.7079,73.7322,30.8829,27.2601
142,51.5206,54.9874,59.4897,120.5607,0.0,35.3822,34.1699,127.9464,27.8138,48.8053
143,104.0395,104.6572,85.1303,117.8816,8.3742,62.9257,45.4245,111.8025,23.2025,58.5311
144,42.5766,173.8484,69.6456,95.2121,37.8698,288.2995,16.1701,56.8953,106.8535,106.8947
145,76.1883,159.8795,119.9607,143.7273,0.0,70.6496,49.2184,138.7565,51.95,86.6319
146,27.2619,16.3722,20.9383,55.1135,11.1655,10.5304,9.7043,48.1009,36.0169,16.3778
147,27.4222,71.6627,91.2448,,46.5231,0.0,14.233,18.1895,43.2595,67.8587
148,99.6937,87.3618,54.9667,8.0374,47.7474,32.7532,77.4301,50.4976,14.0987,133.3191
149,151.4739,117.1,107.7817,16.0748,193.2845,63.1825,91.8425,75.4287,79.0022,103.0022
150,104.8117,38.5626,41.0678,56.2617,5.5828,20.7368,29.1777,89.1096,28.0675,27.8851
151,90.5327,134.3626,97.2134,327.884,5.2726,50.0646,64.8799,216.3919,38.268,101.3673
152,145.5303,129.0379,101.1706,24.1121,129.1015,94.1371,165.8532,97.5329,47.2877,89.5276
153,38.5066,22.0501,9.5174,8.0374,0.0,44.2278,5.5837,27.6093,5.3709,7.2644
154,1.4433,3.3075,1.8695,,5.5828,,,0.9681,4.0282,2.1524
155,179.8543,101.1447,89.2457,0.0,31.7725,5.0546,42.8017,164.5824,51.2657,57.1967
156,18.369,8.089,7.6157,,13.9569,2.1061,25.4552,10.6488,0.0,9.2015
157,78.4463,234.2298,71.0142,112.5234,47.5804,188.9644,20.8021,31.6236,82.9963,96.9836
158,182.0211,168.1676,129.5878,241.1215,60.48,243.9093,102.2949,384.6435,157.4381,130.2705
159,227.1117,197.9882,124.3477,8.0374,78.3763,277.5849,91.4054,193.4125,115.317,103.5204
160,150.6343,149.4199,108.2652,16.0748,65.9127,171.345,62.7263,260.1905,131.3348,93.3044
161,69.4576,111.7794,86.9971,168.785,43.3571,186.5282,47.3036,190.3489,52.7952,103.6017
162,169.0236,130.6377,108.4042,46.8847,90.6379,211.2688,70.2071,286.9093,105.4224,85.3728
163,75.6918,112.3035,80.5114,,42.4689,119.861,74.2691,108.4237,52.8702,59.4129
164,94.309,115.2999,80.6467,8.0374,132.1255,237.3614,52.7003,98.259,75.7047,66.9705
165,86.8714,48.3581,44.4218,,44.6622,0.0,10.6748,21.2535,34.0567,24.644
166,45.723,55.0872,60.9536,8.0374,32.6592,2.1061,15.7658,57.608,51.6953,23.2954
167,103.4615,73.7405,44.7301,,43.5456,4.2122,23.8562,28.2353,42.1413,33.6023
168,49.2518,94.5449,89.5635,32.1495,72.576,0.0,32.6464,56.7464,48.3385,58.9654
169,41.208,83.0032,78.4789,,89.5104,0.0,33.2834,38.0589,17.0894,55.116
170,21.9378,51.4436,66.2706,,51.4202,4.2122,22.0794,32.8236,15.7574,42.3368
171,78.7241,50.7611,42.3979,,72.7828,0.0,25.3379,29.91,31.8595,59.8858
172,45.2226,51.2431,84.7952,8.0374,52.7572,2.6326,17.5176,29.5105,31.384,41.7095
173,66.6579,118.8079,62.8148,,21.5335,4.2122,17.4282,17.7018,10.189,28.9221
174,11.3658,14.8838,18.5079,,2.7914,0.0,1.8949,3.6303,29.7538,9.9489
175,65.9466,52.677,54.6979,8.0374,84.2201,5.2652,31.2032,32.3612,24.6728,33.7915
176,32.0851,56.3841,60.0834,32.1495,12.7606,0.0,14.8669,33.4399,21.1906,40.6503
177,12.5084,7.7175,22.093,,2.7914,,3.2845,4.8403,8.3082,9.5404
178,93.2094,45.9712,34.529,,9.072,2.6326,6.3345,33.2266,37.5966,52.0221
179,63.0711,62.7381,56.2147,8.0374,16.7483,18.0522,1.6423,25.1698,46.3854,35.3311
180,68.5556,97.9555,76.515,,13.3986,2.1061,40.2357,40.3201,49.8226,39.2814
181,56.9214,50.3114,76.3528,,25.4016,0.0,6.8217,20.3294,25.643,55.3356
182,17.6801,31.9457,58.2027,8.0374,4.6523,2.1061,13.8242,21.4465,24.432,32.347
183,60.8058,36.3826,71.5192,24.1121,44.6622,2.4571,19.5741,52.8852,25.4784,41.0107
184,128.5417,83.1288,69.3542,93.5259,17.5458,13.6895,44.7607,90.9862,40.8975,53.4922
185,111.9678,124.4578,84.0992,16.0748,55.0006,27.0782,53.7212,165.002,79.3053,89.5528
186,15.3949,27.4175,31.6539,8.0374,27.4063,50.3629,4.9268,9.6807,15.5635,28.8091
187,63.075,81.2428,89.5396,24.1121,195.9552,12.0348,113.2995,89.1524,56.3949,104.7404
188,37.2579,125.7502,70.4465,88.4112,18.7697,143.3204,21.1796,83.044,56.1508,104.5889
189,36.8837,41.7832,65.806,48.2243,36.623,96.6321,35.7554,90.8602,96.9791,74.8669
190,102.4516,111.6525,69.7383,,75.5316,21.6803,65.7831,80.265,47.0797,74.6504
191,67.5009,105.1067,68.543,375.6419,49.7923,175.4471,38.7987,104.7158,23.2741,76.8252
192,74.5596,119.3368,52.5089,24.1121,41.1362,259.1264,11.7012,20.4175,25.3952,143.1125
193,58.7062,24.8063,15.1734,8.0374,,2.8081,13.311,26.6703,19.7748,5.1141
194,21.6491,15.7107,8.2396,,,,16.7213,7.7446,7.2508,6.9738
195,8.0182,6.615,6.8491,,0.0,,2.874,5.6471,6.0423,0.0
196,74.4089,23.242,22.9638,0.0,34.3555,4.9142,21.678,67.6148,5.2089,17.9295
197,24.247,12.4032,9.7618,,0.0,2.8081,10.9485,33.8255,10.0705,6.3137
198,1.4433,4.1344,2.2434,,13.9569,0.0,0.0,3.8723,2.6855,2.5829
199,111.1322,98.6529,92.7562,8.0374,60.6351,52.2692,85.9694,143.1332,55.5893,82.9485
200,51.9579,12.6788,26.764,24.1121,0.0,2.3401,8.9934,35.1409,20.141,26.9197
201,2.1649,17.3644,6.5432,,0.0,2.1061,,3.8723,0.0,7.4175
202,33.484,63.826,19.9584,16.0748,13.0265,3.1591,17.3888,32.6723,13.4274,8.5095
203,62.986,51.1851,71.803,16.0748,24.4246,2.1061,22.9918,33.4306,53.7094,41.6178
204,45.1024,60.1104,69.5258,,71.6455,6.3183,33.6949,30.9782,57.1273,42.1798
205,65.291,68.9255,58.5714,8.0374,35.467,5.6162,28.5613,27.6093,28.7196,41.3127
206,41.4942,61.9819,97.7514,,22.3311,2.1061,28.0319,30.5511,27.8991,81.7868
207,39.9676,71.0716,103.1029,,21.4937,5.6162,30.1521,23.2337,68.0865,64.9033
208,65.669,138.5763,123.7975,16.0748,66.9932,,69.4039,54.2119,126.1635,96.8238
209,45.8641,91.7834,102.4043,,21.9822,2.1061,28.904,28.9383,69.6771,75.0195
210,66.0576,127.5269,144.224,,119.9646,4.2122,58.859,48.4245,97.463,94.2287
211,12.9895,14.8838,26.5841,,11.1655,,10.5575,3.8723,16.1128,13.5243
212,107.957,96.5865,118.0002,21.433,191.6151,101.9162,28.0319,55.9544,41.9782,91.8548
213,150.1663,84.8186,111.9624,151.2919,119.3317,2.5741,112.5922,170.3863,73.7367,68.8116
214,103.9158,63.9452,70.6153,24.1121,17.0585,4.2122,44.5323,68.3343,25.591,30.6586
215,35.2801,78.5249,113.2262,,110.2937,2.1061,34.2638,38.0144,43.3032,106.7327
216,159.5014,63.2791,73.7975,55.1135,165.9983,0.0,13.0209,56.6164,56.8848,57.7285
217,8.1184,3.3075,9.6638,,3.7218,,3.2845,3.8723,3.2226,6.242
218,144.7176,115.1395,131.0765,16.0748,41.8708,4.2122,31.3525,43.978,64.7391,71.8644
219,23.7716,26.175,17.8826,,17.4462,0.0,12.0433,6.9148,5.3709,6.9451
220,100.1453,200.719,141.3778,60.2804,233.856,96.7321,83.3836,160.8007,95.0132,135.9998
221,335.2937,168.9331,163.7659,358.6682,112.4435,111.364,76.9678,376.0537,85.3133,209.0389
222,138.2979,157.3485,147.7771,,123.3526,172.7491,283.6918,165.7486,54.2575,152.6162
223,70.1835,73.791,29.55,40.1869,23.0924,10.5304,12.4813,50.0827,18.5917,28.9004
224,14.1441,14.4704,23.0741,,12.5612,0.0,14.7804,8.1318,11.5092,31.1138
225,27.1015,62.9116,28.1268,88.4112,17.6788,55.9617,15.6016,48.511,4.0282,31.6272
226,166.179,111.2914,99.4885,80.3738,183.421,18.3229,63.1425,257.5623,57.7538,102.3458
227,64.9474,78.8877,113.6104,8.0374,109.8924,11.4877,23.9772,47.4547,19.8839,95.8726
228,42.1881,118.2803,100.1161,,125.1936,,20.6926,57.2544,46.7505,78.0736
229,52.329,71.7227,112.3727,,106.0028,0.0,89.3695,45.7876,34.8944,72.9351
230,97.3047,112.2759,91.7619,,91.8764,11.5835,56.7457,54.084,20.1868,53.7483
231,42.701,14.6227,9.1397,24.1121,18.2709,,3.2845,33.7263,3.0212,6.7275
232,66.2463,82.6043,86.1899,16.0748,179.7652,7.3713,61.6181,58.1879,46.1493,99.9786
233,90.5005,41.1879,31.2684,699.2523,92.1157,0.0,7.3902,454.7387,63.625,117.2577
234,187.2377,133.6505,79.9778,80.3738,36.5768,153.4845,56.405,186.9185,41.0145,57.3451
235,33.5562,33.6144,18.9869,24.1121,4.105,7.8978,8.7411,38.3019,10.2536,21.8036
236,77.83,103.9657,72.6115,144.6729,83.9742,136.276,35.6247,116.3776,58.5275,96.5288
237,182.0451,108.6774,62.5032,124.0771,70.2831,38.5113,71.8824,178.4494,20.0859,79.3978
238,184.1037,134.6505,90.4728,297.6809,38.751,110.9204,57.198,312.7831,39.3153,88.1708
239,1.4433,2.4806,0.0,,,0.0,0.0,1.4521,,0.4305
240,5.7731,,0.8974,,,,0.0,0.9681,,0.0
241,7.2164,0.0,0.4206,,,,0.0,1.9361,0.0,0.0
242,66.2463,105.9016,113.475,24.1121,32.6592,0.0,57.1688,87.3585,64.4513,82.0271
243,12.6287,10.148,2.9912,8.0374,,12.6365,6.5691,12.5849,6.0423,2.1524
244,27.3463,62.0158,39.2171,112.5234,59.5495,5.6162,34.9356,87.1262,8.8621,32.8832
245,89.6274,72.7653,59.6641,,143.0139,11.7005,60.4904,124.3289,63.5756,73.1963
246,117.8675,320.8196,91.2923,237.4119,101.2688,544.2723,67.5678,172.1755,161.903,155.2346
247,83.2841,103.7404,63.0511,48.2243,87.9286,9.1264,65.3847,107.899,43.276,45.6357
248,7.2164,18.8744,28.2156,,2.7914,0.0,12.7518,9.6807,5.7546,14.6794
249,125.514,97.8808,72.3652,,121.0446,163.2215,35.4731,76.3894,16.8549,62.2462
250,120.1105,89.3492,135.9248,48.2243,22.145,2.7379,82.1733,79.2741,71.9247,93.2207
251,59.8374,98.2803,99.981,,175.2651,0.0,55.1026,66.9129,57.402,81.1498
252,44.4529,94.1763,134.3074,,74.4369,0.0,57.7015,63.6416,49.4371,90.972
253,129.9354,148.522,103.1293,8.0374,82.944,2.4571,29.1719,57.5179,27.1904,100.4769
254,118.0365,80.571,104.744,,49.5006,0.0,33.5024,64.3686,39.4764,68.5963
255,71.394,70.7728,61.8004,,45.9757,0.0,8.3938,31.5457,32.7292,53.707
256,83.6159,95.3406,104.1916,,52.4487,6.3183,43.7501,67.2075,32.2928,117.6027
257,59.0431,138.2712,126.7086,,23.2615,0.0,51.9555,78.1781,80.3628,59.2157
258,3.6082,13.965,20.0764,,5.5828,,2.2992,7.7446,3.5247,7.3876
259,9.4469,19.0182,14.5081,,23.9262,0.0,0.0,10.3261,4.6479,6.0506
260,81.0413,137.4951,100.3331,,196.6657,,52.7303,32.9143,68.5884,93.4731
261,58.9523,111.6285,45.2735,16.0748,30.1977,143.5697,13.1382,27.953,64.1415,90.3833
262,8.6597,20.2126,26.3268,,2.7914,0.0,2.6276,4.6467,14.0987,4.9505
263,60.0715,133.3589,126.7702,32.1495,99.8695,4.2122,22.1707,55.7608,33.6147,77.8441
264,151.2664,113.3103,137.0878,,0.0,,38.2589,96.9639,33.2327,58.3541
265,93.8129,138.2815,139.7918,8.0374,39.0794,,42.8419,79.1778,49.4371,88.0268
266,9.6218,23.1526,18.4898,,4.6523,6.3183,4.9268,7.7446,7.1268,21.6962
267,157.5151,85.5239,110.2998,,3.1902,7.2903,55.2369,89.1776,45.6747,82.7196
268,100.2954,81.68,100.9524,40.1869,39.0794,0.0,37.5376,82.8618,41.991,64.2096
269,123.7609,121.7213,137.5867,40.1869,312.3842,6.3183,119.9372,99.1441,60.2165,115.2129
270,137.8952,91.4202,78.2443,32.1495,20.098,10.3684,64.9181,118.8085,79.4022,55.7318
271,117.3446,236.4871,103.2694,80.3738,0.0,70.384,101.7703,114.0561,78.9529,66.0171
272,94.154,180.4714,193.2634,32.1495,66.5006,0.0,79.5457,97.1671,115.1443,113.7094
273,174.345,95.7155,129.9645,32.1495,3.7218,0.0,44.7997,68.9019,33.643,64.9545
274,126.6063,93.9269,107.0381,,193.8509,4.2122,30.6557,28.2602,57.1746,89.4443
275,41.1566,67.9781,102.3055,40.1869,58.8424,0.0,34.2735,47.4564,80.5642,55.82
276,78.8327,144.4378,119.9424,16.0748,71.5292,5.7917,75.4456,43.9458,86.0261,58.6949
277,103.6786,123.2278,77.4196,,25.4326,25.6447,23.7762,117.9398,94.4545,148.0614
278,12.348,3.3075,3.2213,16.0748,,,,6.7765,0.0,3.7882
279,,,,,,,,,,
280,9.4715,21.1681,13.2772,32.1495,4.1871,11.5835,17.0796,34.5393,0.0,6.902
281,1.4433,1.6538,0.0,,,,,3.8723,,0.0
282,218.2926,237.7274,87.2648,136.6355,184.9197,532.545,70.9809,176.8149,62.5012,185.3035
283,201.9308,165.8139,105.4494,217.0093,163.1564,86.5326,86.2193,290.2556,48.9006,128.0775
284,101.0293,95.2894,86.946,224.1193,37.6102,7.5819,60.799,92.7068,49.3455,58.3146
285,154.5493,291.9935,141.8183,45.0093,27.9138,246.5289,160.6391,127.9234,109.06,53.4725
286,137.4125,211.5101,112.5078,241.1215,53.078,580.6879,55.2993,135.9197,49.6812,133.9186
287,107.3436,219.5421,112.9224,40.1869,80.0471,394.4578,59.3492,116.961,85.5829,184.2068
288,106.8849,235.0783,102.4759,1245.8522,103.361,402.9196,66.1076,211.4033,54.3808,140.5686
289,64.9252,278.5514,103.6187,712.3866,58.0608,487.6172,48.9059,180.8311,116.2527,155.6243
290,139.2355,80.571,71.2312,548.8755,19.8098,37.9095,83.6834,210.9821,33.2327,58.2002
291,38.1666,100.1193,68.5865,96.4486,9.5705,2.5273,28.1532,93.8344,58.0536,46.2767
292,315.8406,100.3982,107.3643,21.433,22.2662,565.9383,63.6164,179.8457,66.4654,51.6811
293,181.7283,75.1707,64.1844,16.0748,0.0,358.0343,25.1925,154.286,26.4432,31.3308
294,141.9279,43.8095,58.9741,8.0374,12.2391,238.8635,26.1834,66.869,41.0877,20.4948
295,7.2164,14.0569,11.0175,,,2.1061,7.5075,15.4891,8.0564,9.5368
296,209.0975,163.862,100.6406,130.8945,44.7785,67.2588,51.321,106.7723,41.2427,67.6537
297,20.9931,10.495,4.9853,,0.0,,5.4195,18.3933,3.8268,2.2729
298,295.2154,105.2804,86.2916,48.2243,25.3762,0.0,59.8655,218.0678,57.296,48.9605
299,69.8491,35.6009,36.8066,,39.7772,2.1061,22.1929,20.2133,15.5828,26.1467
300,12.9895,69.1754,51.1729,,9.1354,140.5207,58.226,37.9075,47.9357,97.69
301,71.2801,72.8686,62.2045,24.1121,34.1169,6.0174,38.9692,90.0814,16.566,38.0975
302,147.2141,50.8227,77.1746,24.1121,159.7486,311.0524,61.4728,116.2596,27.9289,89.2524
303,163.1742,218.7216,91.8211,263.7266,166.306,49.898,62.0153,186.9052,56.1508,106.1002
304,143.6308,91.3043,85.4774,24.1121,124.9448,22.1139,75.5068,103.8147,33.1625,112.8473
305,12.9895,15.319,11.7155,8.0374,21.168,4.2122,11.2613,35.5831,2.6855,10.762
306,18.3828,104.8431,35.1642,176.8224,0.0,153.7096,15.7658,36.2902,63.9614,51.8096
307,167.6897,101.3824,86.7157,345.6075,43.4108,65.3612,121.2459,200.6263,65.0069,82.8879
308,51.9579,161.9027,49.6224,40.1869,23.2615,202.7457,16.7512,65.506,52.3017,89.9119
309,69.8021,139.3112,90.41,8.0374,23.1162,242.3389,48.2124,113.7308,31.9887,73.9082
310,133.317,126.0369,110.0526,24.1121,203.6242,188.9094,85.0155,165.0903,79.2854,152.4761
311,62.4545,87.1175,54.2369,32.1495,7.3837,165.9178,29.7308,164.805,26.1114,45.1428
312,114.1037,131.5281,72.3134,24.1121,56.694,206.7718,58.3439,244.7515,42.5983,57.2193
313,218.5059,172.4537,113.422,71.4434,69.7846,260.6279,72.4222,202.2178,62.154,173.3787
314,185.5602,144.4604,94.2017,296.0436,156.4867,20.8131,59.3483,215.0967,60.5574,100.6696
315,18.7626,16.4588,14.6059,,8.3742,,8.2114,6.7765,8.0564,4.7579
316,106.8489,43.5165,39.2543,,,12.445,42.6452,42.595,17.7241,19.26
317,48.7105,13.4663,14.1763,,8.3742,5.6162,11.1389,12.4466,2.5441,9.7751
318,59.1391,67.1105,62.7449,66.9782,59.3428,4.8139,35.1148,167.5442,18.2454,52.1895
319,85.1769,129.4382,95.8713,,76.6557,72.5429,61.971,70.9079,118.0477,67.3957
320,141.8626,80.1979,111.2564,40.1869,0.0,74.5802,77.758,112.8638,83.2496,69.6199
321,197.5483,98.133,60.9256,8.0374,,2.7379,60.9611,67.9138,64.7942,36.0398
322,38.5748,51.4436,34.8423,48.2243,4.2605,14.7426,2.4634,55.0471,29.2961,30.123
323,64.3242,34.6904,18.5003,32.1495,0.0,0.0,17.8718,40.3362,6.7137,9.0166
324,201.6649,195.6999,157.345,,121.5477,31.5913,47.2609,131.5944,145.5842,113.7941
325,236.9395,78.7074,100.2672,152.7103,18.144,23.3424,38.5451,186.1742,63.4113,92.8206
326,14.4328,4.9613,4.3185,,0.0,,3.2845,5.8084,0.0,1.8449
327,185.195,147.1432,116.8081,119.4126,236.3511,63.4042,82.1493,192.565,57.347,116.7417
328,249.6679,244.3884,227.0547,239.9308,66.9932,137.5975,162.3522,323.4467,162.1757,124.527
329,114.9208,201.4317,143.0635,40.1869,10.7934,113.3495,79.7983,121.452,34.5994,50.6245
330,116.2217,143.8768,128.5147,8.0374,145.152,41.3558,113.1026,185.248,103.0318,100.1317
331,46.9297,58.605,41.2944,41.3351,18.6092,6.3183,9.3844,38.3151,9.5212,24.5871
332,33.623,105.6636,108.2589,,110.592,,28.1532,45.6375,80.2169,65.1505
333,132.0016,96.9887,110.5425,58.9408,87.696,13.4024,56.8438,122.5631,85.5994,60.5269
334,106.3609,93.804,79.2701,,17.9034,48.5152,24.8166,110.5033,52.6969,48.1693
335,92.458,119.8479,96.5634,8.0374,71.7785,94.9653,28.1532,115.6151,80.1865,65.3143
336,84.9626,112.6477,91.4488,,201.8313,8.8456,38.6566,74.0772,85.6666,86.6849
337,72.5246,93.9955,119.3031,72.3364,70.0505,22.4649,60.1775,78.4276,66.5696,77.5692
338,40.6413,44.6079,38.4525,0.0,39.8769,31.3385,16.5655,36.6727,23.824,30.478
339,10.1029,16.8683,22.1479,,20.9354,0.0,14.7804,20.7443,10.986,23.7507
340,199.1334,117.616,85.4474,,174.1581,76.1199,34.8841,118.7033,81.2355,100.0226
341,,,,,,,,,,
342,27.0614,37.8159,33.1614,16.0748,4.8849,3.1591,22.6634,51.5165,21.0706,16.9035
343,12.9895,10.7494,3.739,,,,1.6423,12.5849,4.0282,2.3676
344,125.3007,86.6134,105.2053,32.1495,13.2591,29.733,78.3005,182.084,45.019,57.536
345,16.8683,6.3143,2.1188,24.1121,0.0,0.0,7.226,22.2656,2.0141,2.1046
346,172.3986,182.8293,134.5468,112.5234,42.856,28.0811,130.0604,233.8674,116.7597,140.771
347,184.6371,115.9295,101.1967,138.6449,62.527,17.5507,73.7407,149.4401,33.0674,63.4899
348,195.5092,158.3734,103.0229,17.223,157.0154,86.8048,74.2307,58.4961,71.4865,96.114
349,143.0803,91.6456,81.2301,16.0748,37.0226,0.0,35.7194,71.6515,36.0906,45.7156
350,26.9411,39.2932,19.3547,,102.6432,12.6365,16.7877,25.8613,14.5015,24.6957
351,175.3192,117.1521,77.8585,0.0,246.4717,0.0,41.3609,101.3415,42.699,93.7828
352,265.8776,109.8106,127.3624,160.7477,8.1881,65.8711,63.337,142.193,144.6534,71.526
353,128.4057,73.5817,59.1101,108.5047,,72.5335,36.7869,90.3368,66.8491,36.5909
354,97.2407,52.8135,34.4888,144.6729,0.0,91.5376,24.6341,75.8858,26.3665,29.9702
355,125.3007,92.4819,54.1913,64.2991,14.3557,78.9011,25.1368,126.2153,25.7805,29.4539
356,75.772,85.1531,57.4418,173.6075,0.0,24.22,36.0499,118.9155,38.3224,21.2126
357,183.0748,159.929,141.57,697.9833,357.0134,98.2839,121.5959,266.1009,62.154,157.7902
358,37.8582,25.3097,12.7402,8.0374,0.0,2.1061,9.555,32.3612,3.5247,7.6857
359,1.9244,1.6538,1.1217,,,,0.0,1.9361,,0.861
360,239.6484,158.2432,84.8234,120.5607,116.2014,370.4746,63.1204,216.5545,75.1932,60.5163
361,31.9926,109.0595,91.0025,24.1121,8.5211,54.4212,26.8304,57.4695,16.4485,49.0242
362,187.0373,118.6902,116.5379,32.1495,212.802,649.9872,77.5517,188.5601,85.2084,96.4007
363,134.1903,152.5815,131.9574,281.3084,103.535,16.0828,82.7562,224.7281,87.3704,82.9185
364,81.6851,121.8506,105.1891,72.3364,49.2969,37.6617,93.5471,181.0406,53.8656,100.0413
365,67.3529,89.3028,72.0147,,77.9441,3.5101,44.8012,80.133,22.4008,38.6196
366,209.9164,130.3959,116.2187,88.4112,11.1655,59.2231,87.0031,149.653,63.4443,51.5311
367,120.5763,109.7643,67.9261,,47.4535,31.5913,71.5271,98.3311,75.9317,76.868
368,218.6287,124.1993,146.5907,88.4112,32.183,30.9594,110.8957,238.9954,76.5784,71.1949
369,146.9517,138.1255,126.1281,8.0374,43.6338,30.117,84.3412,217.6009,104.208,74.4678
370,184.2144,188.3006,150.9308,793.9345,106.5801,65.4594,90.8724,255.1662,75.0813,96.6105
371,86.7592,123.7666,91.799,80.3738,92.342,12.3887,58.8739,269.1874,37.6155,72.7807
372,2.8866,3.3075,1.1217,8.0374,0.0,,3.2845,4.8403,0.0,0.861
373,233.6794,198.4814,142.5796,92.0646,262.7596,292.2479,91.0597,224.8722,48.3025,171.2349
374,150.4418,145.327,128.3764,337.5701,28.6582,751.9359,69.7966,328.1658,74.8906,126.6143
375,18.8938,28.8921,19.1934,,0.0,0.0,4.2506,40.3756,8.9516,13.5941
376,142.7756,120.2691,139.2994,32.1495,155.8523,96.6967,76.0194,166.7027,140.9873,139.5424
377,68.1292,52.0118,100.0602,8.0374,6.9785,2.407,10.5677,52.8038,95.0527,121.8623
378,,,0.5608,,,,,,0.0,0.0
379,75.8128,76.464,118.237,,87.6065,2.1061,33.3508,45.44,80.2353,91.2244
380,40.851,105.4995,102.9496,,86.2442,0.0,24.3995,20.9015,82.7461,94.7835
381,52.0734,78.9748,111.6245,8.0374,226.4048,,43.6844,43.1482,67.7014,101.6982
382,15.3949,6.8906,5.9979,,7.4437,,3.2845,0.0,0.0,3.1308
383,,,,,,,,,,
384,8.4191,18.943,14.177,,7.4437,0.0,1.6423,1.4521,0.0,6.128
385,8.4191,1.6538,5.4007,,,,3.2845,0.9681,11.3293,4.3048
386,18.9,49.6697,39.7307,,23.4476,42.7535,5.8226,55.0762,7.385,46.5109
